CREATE DATABASE  IF NOT EXISTS `aaggy2` /*!40100 DEFAULT CHARACTER SET utf8mb4 COLLATE utf8mb4_0900_ai_ci */ /*!80016 DEFAULT ENCRYPTION='N' */;
USE `aaggy2`;
-- MySQL dump 10.13  Distrib 8.0.32, for Win64 (x86_64)
--
-- Host: localhost    Database: aaggy2
-- ------------------------------------------------------
-- Server version	8.0.32

/*!40101 SET @OLD_CHARACTER_SET_CLIENT=@@CHARACTER_SET_CLIENT */;
/*!40101 SET @OLD_CHARACTER_SET_RESULTS=@@CHARACTER_SET_RESULTS */;
/*!40101 SET @OLD_COLLATION_CONNECTION=@@COLLATION_CONNECTION */;
/*!50503 SET NAMES utf8 */;
/*!40103 SET @OLD_TIME_ZONE=@@TIME_ZONE */;
/*!40103 SET TIME_ZONE='+00:00' */;
/*!40014 SET @OLD_UNIQUE_CHECKS=@@UNIQUE_CHECKS, UNIQUE_CHECKS=0 */;
/*!40014 SET @OLD_FOREIGN_KEY_CHECKS=@@FOREIGN_KEY_CHECKS, FOREIGN_KEY_CHECKS=0 */;
/*!40101 SET @OLD_SQL_MODE=@@SQL_MODE, SQL_MODE='NO_AUTO_VALUE_ON_ZERO' */;
/*!40111 SET @OLD_SQL_NOTES=@@SQL_NOTES, SQL_NOTES=0 */;

--
-- Table structure for table `admin`
--

DROP TABLE IF EXISTS `admin`;
/*!40101 SET @saved_cs_client     = @@character_set_client */;
/*!50503 SET character_set_client = utf8mb4 */;
CREATE TABLE `admin` (
  `username` varchar(20) NOT NULL,
  `password` varchar(20) DEFAULT NULL,
  PRIMARY KEY (`username`)
) ENGINE=InnoDB DEFAULT CHARSET=utf8mb4 COLLATE=utf8mb4_0900_ai_ci;
/*!40101 SET character_set_client = @saved_cs_client */;

--
-- Dumping data for table `admin`
--

LOCK TABLES `admin` WRITE;
/*!40000 ALTER TABLE `admin` DISABLE KEYS */;
INSERT INTO `admin` VALUES ('Aanchal','2021224'),('Anmol','A007');
/*!40000 ALTER TABLE `admin` ENABLE KEYS */;
UNLOCK TABLES;

--
-- Table structure for table `customer`
--

DROP TABLE IF EXISTS `customer`;
/*!40101 SET @saved_cs_client     = @@character_set_client */;
/*!50503 SET character_set_client = utf8mb4 */;
CREATE TABLE `customer` (
  `id` int NOT NULL AUTO_INCREMENT,
  `fn` varchar(20) DEFAULT NULL,
  `ln` varchar(20) DEFAULT NULL,
  `gender` varchar(2) DEFAULT NULL,
  `age` int DEFAULT NULL,
  `rides_done` int DEFAULT NULL,
  PRIMARY KEY (`id`),
  KEY `customer_name` (`fn`)
) ENGINE=InnoDB AUTO_INCREMENT=151 DEFAULT CHARSET=utf8mb4 COLLATE=utf8mb4_0900_ai_ci;
/*!40101 SET character_set_client = @saved_cs_client */;

--
-- Dumping data for table `customer`
--

LOCK TABLES `customer` WRITE;
/*!40000 ALTER TABLE `customer` DISABLE KEYS */;
INSERT INTO `customer` VALUES (1,'Marquita','Pinkstone','F',54,7),(2,'Bondon','Bradforth','M',77,1),(3,'Kenon','Jervis','M',78,12),(4,'Cammy','Hatz','F',80,0),(5,'Peyter','Brooke','M',83,0),(6,'Charlean','Suarez','F',47,4),(7,'Julianne','Fandrich','F',82,8),(8,'Henry','Cello','M',30,7),(9,'Roslyn','Tween','F',60,12),(10,'Fernande','Lewin','F',48,6),(11,'Wilden','Benedyktowicz','M',69,1),(12,'Brody','Godon','M',35,11),(13,'Osgood','De Domenici','M',67,8),(14,'Goober','Leisman','M',41,10),(15,'Nisse','Wake','F',83,0),(16,'Bax','Iggo','M',62,9),(17,'Dimitry','Revett','M',53,6),(18,'Bryon','Calkin','M',80,7),(19,'Ceil','Ronnay','F',34,9),(20,'Dalli','Trask','M',81,8),(21,'Merridie','Ohm','F',69,12),(22,'Sumner','Ringe','M',71,1),(23,'Alaric','Fleet','M',64,6),(24,'Cassandry','Bonnaire','F',47,9),(25,'Massimiliano','Kencott','M',55,2),(26,'Laura','Arnholtz','F',64,6),(27,'Cesar','Emlen','M',58,10),(28,'Jinny','Holdworth','F',53,6),(29,'Brittney','Morican','F',52,12),(30,'Bar','Albertson','M',76,0),(31,'Rosita','Nusche','F',73,1),(32,'Reinald','Dunseith','M',71,11),(33,'Alisander','McCorkindale','M',75,5),(34,'Arie','Cello','M',33,4),(35,'Dorine','Lilley','F',83,8),(36,'Austin','Huby','M',76,12),(37,'Courtney','Golagley','M',75,7),(38,'Ulrike','Conyard','F',55,11),(39,'Sonny','Duthie','F',63,8),(40,'Grove','Adkin','M',59,5),(41,'Kelsi','Greaser','F',43,12),(42,'Xena','Ollarenshaw','F',53,5),(43,'Sanford','Quayle','M',69,5),(44,'Flemming','Traut','M',46,5),(45,'Jeniffer','Tincknell','F',64,10),(46,'Jade','Gildersleaves','F',32,0),(47,'Nahum','Bein','M',56,1),(48,'Care','Somerset','M',43,6),(49,'Kimmi','Snelgar','F',72,7),(50,'Rriocard','Goodlad','M',81,1),(51,'Cori','Colmer','M',63,3),(52,'Nappie','Rodenburgh','M',83,7),(53,'Care','Shillabear','M',33,4),(54,'Pace','Aleksankin','M',79,2),(55,'Anabella','Havesides','F',62,0),(56,'Dexter','Haddon','M',64,0),(57,'Chick','Deveral','M',57,5),(58,'Florette','Andrivel','F',37,2),(59,'Papageno','Woodcraft','M',28,11),(60,'Tomasine','Roddie','F',75,7),(61,'Marleah','Vellender','F',25,5),(62,'Kippie','Squibe','M',56,8),(63,'Casey','Mawditt','M',52,1),(64,'Hamid','Joust','M',40,11),(65,'Ora','Corre','F',35,12),(66,'Mable','Garstang','F',25,6),(67,'Edy','Blakeston','F',71,5),(68,'Pauletta','Skinley','F',35,3),(69,'Sydelle','Wordsworth','F',27,0),(70,'Robina','Penrice','F',29,6),(71,'Corissa','O\'Kenny','F',31,5),(72,'Elston','Allcoat','M',51,8),(73,'Curt','Haugh','M',54,2),(74,'Engelbert','Upcraft','M',53,9),(75,'Lissy','Caret','F',72,0),(76,'Alic','Chevins','M',50,5),(77,'Joby','Sidnell','F',70,8),(78,'Atalanta','Dandison','F',65,3),(79,'Roxine','Iskow','F',44,0),(80,'Maison','Thorrold','M',26,6),(81,'Margette','Stiegars','F',52,6),(82,'Bevan','Vaune','M',40,6),(83,'Gypsy','Downgate','F',63,5),(84,'Sergent','Hallan','M',44,0),(85,'Irene','Faust','F',75,1),(86,'Daisi','Rentoll','F',64,2),(87,'Starla','Coldrick','F',85,11),(88,'Petr','Huntress','M',67,0),(89,'Gibb','Attwood','M',62,5),(90,'Rasla','Crowley','F',39,3),(91,'Gloriane','Keady','F',76,11),(92,'Emogene','Stellino','F',41,10),(93,'Bryon','Cackett','M',81,5),(94,'Kaia','Kildea','F',56,11),(95,'Mozelle','Yelyashev','F',54,6),(96,'Annalise','Burkett','F',56,11),(97,'Alexis','Faichney','M',66,10),(98,'Bone','Rickasse','M',65,11),(99,'Randell','Mantripp','M',45,10),(100,'Zita','Birth','F',46,0),(101,'Lilias','Cheke','F',52,12),(102,'Osborn','Trewartha','M',73,8),(103,'Kinsley','Sheward','M',46,3),(104,'Janeen','Beaby','F',61,7),(105,'Marne','Klima','F',82,0),(106,'Mathew','Purle','M',67,6),(107,'Tiffani','Ruggier','F',67,1),(108,'Oralee','McNeil','F',77,9),(109,'Irwinn','Biever','M',27,12),(110,'Alida','Kell','F',76,8),(111,'Antony','Bardwall','M',69,5),(112,'Giff','Leidl','M',35,4),(113,'Nickie','Alberti','F',29,9),(114,'Owen','Jendrich','M',57,2),(115,'Ted','Bricket','M',51,0),(116,'Mariette','Charle','F',79,6),(117,'Malchy','Whitehorne','M',33,12),(118,'Erna','Elliss','F',83,5),(119,'Diego','Gilderoy','M',62,5),(120,'Daren','Powis','M',31,11),(121,'Dorree','MacGarvey','F',38,5),(122,'Cheslie','Grushin','F',74,12),(123,'Gabbie','Bouldstridge','F',70,3),(124,'Nonah','Matfield','F',59,10),(125,'Chantalle','Marcum','F',65,0),(126,'Rica','Benard','F',58,5),(127,'Rosco','Peachman','M',41,6),(128,'Elsbeth','Duigan','F',53,8),(129,'Steward','Windebank','M',43,9),(130,'Taylor','Cunnington','M',42,12),(131,'Cleve','Matthias','M',40,10),(132,'Phyllida','Ewing','F',59,1),(133,'Gwenore','McCaughan','F',71,7),(134,'Selby','Ramsbottom','M',75,12),(135,'Halsy','Stannis','M',44,5),(136,'Tracey','Colgan','F',84,2),(137,'Wallis','Checklin','F',26,5),(138,'Alvin','Radbourn','M',83,5),(139,'Hazel','Figgess','M',28,1),(140,'Gena','Jerzykiewicz','F',52,5),(141,'Caressa','Budnk','F',41,2),(142,'Fred','Jaumet','M',35,7),(143,'Daron','Golton','F',58,2),(144,'Reider','Bootyman','M',64,8),(145,'Stan','Minards','M',61,2),(146,'Rodolphe','Renol','M',71,9),(147,'Mildrid','Wharfe','F',44,9),(148,'Maddie','Roderighi','F',32,3),(149,'Shurlocke','Lovat','M',49,0),(150,'Peyton','Tupper','M',38,10);
/*!40000 ALTER TABLE `customer` ENABLE KEYS */;
UNLOCK TABLES;

--
-- Table structure for table `customer_phone`
--

DROP TABLE IF EXISTS `customer_phone`;
/*!40101 SET @saved_cs_client     = @@character_set_client */;
/*!50503 SET character_set_client = utf8mb4 */;
CREATE TABLE `customer_phone` (
  `C_phone` varchar(20) NOT NULL,
  `c_id` int NOT NULL,
  PRIMARY KEY (`c_id`,`C_phone`),
  KEY `C_phone` (`C_phone`)
) ENGINE=InnoDB DEFAULT CHARSET=utf8mb4 COLLATE=utf8mb4_0900_ai_ci;
/*!40101 SET character_set_client = @saved_cs_client */;

--
-- Dumping data for table `customer_phone`
--

LOCK TABLES `customer_phone` WRITE;
/*!40000 ALTER TABLE `customer_phone` DISABLE KEYS */;
INSERT INTO `customer_phone` VALUES ('101-906-6246',14),('104-815-8171',74),('108-481-9212',38),('121-845-7055',123),('124-459-0747',63),('128-333-7039',168),('137-834-2812',69),('155-293-4256',49),('157-608-2058',113),('160-581-3270',161),('167-602-8142',77),('174-888-0055',33),('177-557-6958',69),('188-880-7442',168),('194-943-5562',46),('208-513-3596',33),('210-598-3799',100),('213-678-4396',59),('219-938-1727',63),('219-957-0401',20),('228-891-3997',10),('237-950-5181',136),('242-395-6639',87),('247-827-6394',81),('252-335-5464',118),('252-435-3368',147),('254-467-0842',87),('257-283-4327',90),('261-116-5656',119),('263-187-0532',165),('264-687-9706',124),('270-767-3365',78),('280-286-9319',154),('292-956-3489',90),('311-156-4203',78),('319-721-6380',117),('320-576-0985',71),('326-545-3192',105),('333-644-5388',111),('335-861-6335',118),('341-694-3444',108),('366-650-2077',50),('374-334-9108',102),('380-677-5265',91),('391-905-2593',147),('392-565-7230',12),('414-698-2289',157),('425-302-4514',65),('431-614-3630',126),('458-126-1192',67),('463-603-0520',103),('464-743-2919',124),('473-657-4186',91),('484-141-7407',143),('489-157-4394',65),('490-190-5019',124),('494-880-7317',47),('507-999-2294',131),('511-643-6275',167),('518-275-1868',70),('518-517-2871',145),('519-784-1748',18),('523-505-7853',153),('528-694-3394',43),('538-350-3121',14),('545-346-5579',115),('545-501-5989',132),('545-888-0713',92),('571-453-6735',34),('576-981-4552',73),('583-822-5885',130),('584-557-2653',34),('613-290-3102',110),('614-191-6856',70),('624-423-1594',152),('625-714-8371',89),('627-276-9024',6),('627-289-9322',128),('632-221-3307',56),('640-470-4489',131),('643-690-7041',49),('652-539-8863',120),('671-239-2754',107),('678-554-6163',84),('679-815-4530',53),('683-881-8077',149),('691-650-7106',61),('700-713-0924',119),('701-159-8391',163),('701-260-8372',82),('701-815-2604',99),('704-669-0658',49),('709-276-5452',144),('715-710-9309',115),('723-213-0975',117),('723-911-1515',43),('724-143-1018',101),('735-485-9981',37),('745-799-7595',127),('758-256-8863',119),('759-444-7249',77),('762-958-5036',141),('765-381-3509',96),('767-316-0880',50),('771-673-6851',72),('784-926-2539',72),('793-989-0185',114),('801-507-4921',133),('803-783-1769',122),('804-933-8719',34),('808-974-2436',102),('816-765-4995',46),('832-659-8966',11),('837-268-7647',62),('837-358-2691',8),('849-503-3193',99),('851-974-8058',63),('852-261-3128',108),('865-618-1927',133),('868-312-4577',33),('875-247-0193',55),('880-497-8153',87),('883-708-4634',19),('885-869-4785',35),('888-363-1228',121),('896-889-5552',106),('917-457-1388',168),('920-941-0229',6),('932-197-3652',123),('936-597-7335',167),('938-237-6497',135),('939-240-6675',118),('939-709-3424',82),('941-787-9744',86),('942-466-2537',153),('943-486-0511',110),('958-138-6699',2),('964-377-6915',158),('990-937-7545',133),('999-494-0050',19);
/*!40000 ALTER TABLE `customer_phone` ENABLE KEYS */;
UNLOCK TABLES;

--
-- Table structure for table `driver`
--

DROP TABLE IF EXISTS `driver`;
/*!40101 SET @saved_cs_client     = @@character_set_client */;
/*!50503 SET character_set_client = utf8mb4 */;
CREATE TABLE `driver` (
  `id` int NOT NULL AUTO_INCREMENT,
  `fn` varchar(20) DEFAULT NULL,
  `ln` varchar(20) DEFAULT NULL,
  `age` int DEFAULT NULL,
  `gender` varchar(2) DEFAULT NULL,
  `ratings` int DEFAULT NULL,
  `rides_done` int DEFAULT NULL,
  `status` tinyint(1) DEFAULT NULL,
  `license` int DEFAULT NULL,
  PRIMARY KEY (`id`),
  KEY `driver_name` (`fn`)
) ENGINE=InnoDB AUTO_INCREMENT=126 DEFAULT CHARSET=utf8mb4 COLLATE=utf8mb4_0900_ai_ci;
/*!40101 SET character_set_client = @saved_cs_client */;

--
-- Dumping data for table `driver`
--

LOCK TABLES `driver` WRITE;
/*!40000 ALTER TABLE `driver` DISABLE KEYS */;
INSERT INTO `driver` VALUES (1,'Neddie','Vedenisov',70,'M',5,1,0,9870),(2,'Anet','Auty',78,'F',5,12,1,4100),(3,'Nissie','Luckings',27,'F',3,9,1,7800),(4,'Torrey','Downey',74,'M',1,4,1,7277),(5,'Caro','Lascelles',55,'F',2,3,1,4944),(6,'Bev','Broscombe',84,'M',2,7,0,2356),(7,'Conny','Hiner',78,'F',3,2,1,6427),(8,'Mordecai','Blose',57,'M',2,10,1,9826),(9,'Jocelyn','Brahan',73,'F',2,6,1,5737),(10,'Diannne','MacLennan',32,'F',4,11,0,2012),(11,'Welsh','Arlet',35,'M',5,10,1,2303),(12,'Almeria','Atley',40,'F',5,1,0,7449),(13,'Isidore','Vittore',63,'M',4,2,0,6428),(14,'Adrien','Wadge',45,'M',4,9,0,5257),(15,'Marcille','Bridgwood',37,'F',1,1,1,5741),(16,'Ewell','Bessent',45,'M',1,1,0,3717),(17,'Marrissa','Boas',83,'F',5,7,1,3869),(18,'Hilary','Wilprecht',73,'M',2,6,1,3831),(19,'Raoul','Taplow',80,'M',4,1,1,6449),(20,'Chandler','Stanyforth',51,'M',4,11,1,9830),(21,'Vi','Clemenson',66,'F',3,2,0,7226),(22,'Salim','Osipov',50,'M',4,4,1,4372),(23,'Land','Heditch',61,'M',1,10,1,5327),(24,'Reilly','Teligin',40,'M',5,12,1,8075),(25,'Nola','Drust',73,'F',3,10,1,9429),(26,'Lorant','Chismon',66,'M',4,10,1,9830),(27,'Linette','Lanchbury',41,'F',2,8,1,5299),(28,'Holly','Alleyne',64,'F',4,2,0,4225),(29,'Alvera','McQuaker',66,'F',2,8,1,4760),(30,'Zach','McAw',64,'M',5,10,1,3248),(31,'Rivkah','Axtonne',28,'F',1,7,1,8868),(32,'Emelen','Endley',33,'M',2,6,0,7715),(33,'Der','Swindles',72,'M',2,8,0,3324),(34,'Fan','Minnock',26,'F',4,7,0,9464),(35,'Toddie','Dow',66,'M',3,6,0,9701),(36,'Karney','Brake',84,'M',3,11,1,7230),(37,'Aeriel','Murrells',74,'F',4,5,0,9974),(38,'Noni','Westman',48,'F',2,10,1,5541),(39,'Belle','Harkin',44,'F',1,11,0,9836),(40,'Ashton','McNee',53,'M',4,0,0,8197),(41,'Norine','Jacobowitz',28,'F',5,6,1,8325),(42,'Patrice','Perrie',28,'M',5,6,0,3720),(43,'Sterne','Kearey',41,'M',1,9,1,8169),(44,'Kathryn','Remirez',79,'F',4,2,1,5162),(45,'Caritta','Goozee',84,'F',3,9,0,5187),(46,'Barth','Brocklesby',78,'M',2,8,1,6749),(47,'Albertina','Regnard',62,'F',5,7,1,7370),(48,'Hewett','Easseby',42,'M',4,12,0,3686),(49,'Susette','Irvin',48,'F',4,8,1,3435),(50,'Parker','Jozefowicz',26,'M',1,9,1,9062),(51,'Ephraim','Madsen',68,'M',5,12,1,4193),(52,'Patrice','Agar',35,'M',5,3,1,8231),(53,'Gisella','Brosenius',66,'F',1,2,0,2338),(54,'Lovell','Carter',46,'M',2,3,1,5701),(55,'Remington','Stygall',34,'M',3,2,1,3460),(56,'Corabella','Dudding',39,'F',1,4,0,3098),(57,'Natty','Powdrill',33,'F',4,3,1,5793),(58,'Charmian','Leinthall',68,'F',2,1,1,7643),(59,'Jude','Shepard',43,'M',1,0,1,5602),(60,'Malynda','Leale',46,'F',4,7,0,9510),(61,'Pall','Diamant',57,'M',5,0,0,7837),(62,'Irvin','Kabos',41,'M',5,8,0,6069),(63,'Gayelord','Polly',35,'M',4,8,0,2194),(64,'Leonid','Sartain',43,'M',5,4,0,5193),(65,'Gilda','Aldins',58,'F',3,4,1,6817),(66,'Vito','Tayler',45,'M',5,6,0,5213),(67,'Ancell','Sherland',41,'M',1,7,0,3701),(68,'Darcy','MacTrustam',26,'M',4,6,1,3153),(69,'Desmund','Claessens',65,'M',3,8,1,5219),(70,'Kippie','Fairebrother',70,'M',2,11,0,3499),(71,'Rob','Keelinge',42,'M',1,4,0,8790),(72,'Lionel','Roggeman',32,'M',4,1,1,6627),(73,'Fanni','Nesbit',34,'F',2,7,1,8513),(74,'Nate','Bice',29,'M',5,3,1,3126),(75,'Dyan','Rooper',29,'F',1,1,0,6461),(76,'Noah','Kohler',26,'M',2,3,1,6873),(77,'Carmelina','Schreiner',82,'F',1,10,1,7926),(78,'Em','Kollatsch',32,'M',5,2,1,2717),(79,'Kurt','Ezzy',32,'M',3,2,0,4170),(80,'Veronika','Mapledoram',37,'F',2,6,0,8081),(81,'Alan','Bloxholm',52,'M',4,10,0,3359),(82,'Cassi','Duce',41,'F',2,1,0,7569),(83,'Obadias','Brady',46,'M',5,7,1,4930),(84,'Dalis','MacSorley',33,'M',4,12,0,7369),(85,'Kelbee','Robertsen',46,'M',2,9,1,6087),(86,'Clem','Shakesby',35,'F',5,12,0,5285),(87,'Nicolais','Hallwood',57,'M',4,11,1,4250),(88,'Noelani','Farrear',49,'F',5,1,0,6148),(89,'Andee','Quinby',68,'F',5,10,0,2503),(90,'Karlie','Cosyns',83,'F',3,2,1,5723),(91,'Jodi','Crauford',56,'M',3,5,1,3513),(92,'Gabrila','Bichard',70,'F',4,10,1,8700),(93,'Annabelle','Rough',27,'F',1,0,1,5186),(94,'Lanni','Mandrake',33,'F',1,12,1,6183),(95,'Julita','Brown',72,'F',4,12,1,9916),(96,'Freeland','Beven',79,'M',1,0,1,4117),(97,'Pyotr','Wilkie',36,'M',2,0,1,3250),(98,'Corrinne','Durran',82,'F',1,9,0,2222),(99,'Emmery','Rome',82,'M',5,0,1,7322),(100,'Glynis','Evequot',38,'F',2,9,1,4760),(101,'Kristy','Reasun',65,'F',1,9,1,7283),(102,'Karl','Gawler',33,'M',2,11,0,2879),(103,'Issi','Renzo',59,'F',3,10,1,5012),(104,'Berte','Jacks',60,'F',4,8,1,4272),(105,'Vonnie','Gosnoll',45,'F',4,4,1,6185),(106,'Lindon','Weatherley',72,'M',1,1,0,4453),(107,'Lindsey','Hazelgreave',43,'M',3,6,1,3701),(108,'Ulick','Bentick',72,'M',4,0,1,4027),(109,'Davy','Gaskal',67,'M',4,0,1,4746),(110,'Faustine','Connachan',35,'F',3,0,1,6226),(111,'Rodrique','Partridge',27,'M',4,8,0,9576),(112,'Osborn','Dumbleton',47,'M',4,4,1,6641),(113,'Randene','Chalice',43,'F',4,12,0,8774),(114,'Norrie','Corcoran',36,'F',2,11,1,2153),(115,'Pat','Vesty',85,'F',3,6,1,6002),(116,'Waylin','Greenside',51,'M',2,12,0,3709),(117,'Tera','Dislee',80,'F',3,1,1,7064),(118,'Gaven','Milsom',61,'M',1,9,0,9681),(119,'Hailee','Dalrymple',73,'F',3,1,0,2785),(120,'Mariann','Dedney',39,'F',5,12,1,3418),(121,'Dulcia','Duignan',46,'F',1,7,1,9467),(122,'Gilbert','Lafrentz',62,'M',4,2,1,4510),(123,'Enrica','Kasparski',62,'F',5,2,0,4708),(124,'Daren','Tinkham',63,'M',4,10,1,4172),(125,'Caril','MacDonough',73,'F',1,8,0,7141);
/*!40000 ALTER TABLE `driver` ENABLE KEYS */;
UNLOCK TABLES;

--
-- Table structure for table `driver_phone`
--

DROP TABLE IF EXISTS `driver_phone`;
/*!40101 SET @saved_cs_client     = @@character_set_client */;
/*!50503 SET character_set_client = utf8mb4 */;
CREATE TABLE `driver_phone` (
  `d_phone` varchar(20) NOT NULL,
  `d_id` int NOT NULL,
  PRIMARY KEY (`d_phone`,`d_id`),
  KEY `d_id` (`d_id`),
  CONSTRAINT `driver_phone_ibfk_1` FOREIGN KEY (`d_id`) REFERENCES `driver` (`id`)
) ENGINE=InnoDB DEFAULT CHARSET=utf8mb4 COLLATE=utf8mb4_0900_ai_ci;
/*!40101 SET character_set_client = @saved_cs_client */;

--
-- Dumping data for table `driver_phone`
--

LOCK TABLES `driver_phone` WRITE;
/*!40000 ALTER TABLE `driver_phone` DISABLE KEYS */;
INSERT INTO `driver_phone` VALUES ('234-351-5452',1),('509-780-5645',3),('145-912-0634',4),('847-259-5376',4),('853-539-9272',4),('486-322-8093',5),('650-618-4643',5),('327-897-4130',7),('261-753-8208',11),('415-414-5033',12),('834-347-9546',12),('268-777-1620',13),('154-861-7614',14),('331-816-3816',14),('310-253-6304',16),('761-289-8694',16),('904-957-8963',16),('719-798-9762',19),('750-906-4606',19),('955-913-9663',19),('983-475-4367',20),('613-525-6049',21),('851-734-4346',21),('855-266-5150',21),('226-761-2206',22),('280-868-5773',22),('323-896-1164',23),('675-213-6056',23),('113-783-1072',24),('688-617-0580',24),('538-998-3187',26),('896-791-4413',27),('671-294-3772',28),('962-472-7736',28),('364-963-4392',30),('608-266-5921',32),('789-172-0628',32),('804-817-7138',32),('297-834-8370',33),('850-740-3619',35),('346-873-4222',36),('489-974-3923',36),('645-297-2896',36),('781-715-6698',36),('225-807-7005',37),('429-188-1571',37),('565-226-3557',39),('590-233-0370',39),('848-801-4840',40),('366-262-7506',41),('590-460-8506',42),('253-166-8316',43),('535-448-9538',43),('521-881-6152',45),('379-355-2847',46),('773-858-0430',46),('322-617-3245',47),('364-550-5514',48),('127-626-4622',49),('290-582-3489',49),('909-348-5579',49),('286-544-9742',51),('342-653-8137',51),('202-791-5236',53),('739-876-4567',54),('199-783-1446',59),('444-951-6633',59),('180-541-5633',60),('470-552-3899',60),('718-283-3112',60),('582-118-0739',61),('137-333-8496',63),('394-901-3723',64),('665-972-4874',64),('898-549-5814',64),('142-792-6121',67),('205-506-5331',67),('615-577-9018',67),('735-395-2814',68),('603-636-6070',69),('121-408-6465',70),('297-510-4857',70),('505-758-2608',70),('115-897-3623',71),('247-548-0034',72),('253-589-0045',74),('510-863-0500',75),('573-793-8590',77),('280-109-2654',78),('333-706-5804',79),('734-667-0892',80),('311-227-1334',82),('336-863-5432',82),('450-328-2550',82),('264-218-4577',83),('370-414-1880',83),('697-795-6978',83),('315-352-8770',84),('372-138-7267',85),('523-570-4612',85),('155-184-6126',86),('990-764-4329',86),('507-335-8445',87),('187-599-3562',90),('392-894-6017',90),('747-138-4008',90),('294-264-6498',91),('690-137-0978',91),('154-402-7493',93),('913-350-4815',93),('668-354-3247',95),('340-448-1768',96),('188-171-1558',98),('570-674-4825',99),('758-371-2967',99),('436-398-5303',100),('834-816-8004',101),('183-960-9405',103),('355-683-7738',103),('320-792-9950',104),('393-289-1297',106),('533-869-6694',108),('832-776-0427',108),('777-471-5272',110),('443-173-1285',111),('596-894-4598',112),('429-919-0650',113),('429-214-1648',114),('129-522-6656',115),('374-937-9097',115),('241-222-4808',116),('780-163-1027',117),('299-320-4636',120),('398-341-9031',121),('707-463-7697',121),('310-388-0378',122),('934-371-4449',122),('977-352-2667',123),('844-457-2561',125),('961-692-9646',125);
/*!40000 ALTER TABLE `driver_phone` ENABLE KEYS */;
UNLOCK TABLES;

--
-- Table structure for table `login`
--

DROP TABLE IF EXISTS `login`;
/*!40101 SET @saved_cs_client     = @@character_set_client */;
/*!50503 SET character_set_client = utf8mb4 */;
CREATE TABLE `login` (
  `username` varchar(20) NOT NULL,
  `password` varchar(20) DEFAULT NULL,
  `d_id` int DEFAULT NULL,
  `c_id` int DEFAULT NULL,
  PRIMARY KEY (`username`),
  KEY `d_id` (`d_id`),
  KEY `c_id` (`c_id`),
  CONSTRAINT `login_ibfk_1` FOREIGN KEY (`d_id`) REFERENCES `driver` (`id`),
  CONSTRAINT `login_ibfk_2` FOREIGN KEY (`c_id`) REFERENCES `customer` (`id`)
) ENGINE=InnoDB DEFAULT CHARSET=utf8mb4 COLLATE=utf8mb4_0900_ai_ci;
/*!40101 SET character_set_client = @saved_cs_client */;

--
-- Dumping data for table `login`
--

LOCK TABLES `login` WRITE;
/*!40000 ALTER TABLE `login` DISABLE KEYS */;
INSERT INTO `login` VALUES ('aallot38','5KtWPuRk',NULL,117),('abarbisch32','RtqEMKqys',NULL,111),('abutterse','y749B1NSaAXp',15,NULL),('acashen39','Cvd1iq6',NULL,118),('aclimsonu','HdwFMp',NULL,31),('acrofts3r','O4ni1e3f4E',NULL,136),('aducker2','21ALYqqQ',3,NULL),('afennelly27','qigZ1JRRSa',80,NULL),('agoodings3a','TdLP8XNX',NULL,119),('agrix23','e9wLkb',76,NULL),('ahearsonx','00thoPAEMR',34,NULL),('ahuggon17','aLMnGyS',NULL,44),('akieffv','xOIt0ho',NULL,32),('alaing','jNz1eFg',17,NULL),('alestrange2c','WxkQ0pbyT2Nj',NULL,85),('alioneld','RfNEPaRQZuW',14,NULL),('alotherington1p','60HPd23j',NULL,62),('amanchester2d','80PDWALnC0',86,NULL),('amapes1o','22hPMhREg',61,NULL),('anabbs2h','eRPnxxGY',90,NULL),('aodayo','X3nQKkG',NULL,25),('ascanlan31','MPbYrRriJbot',NULL,110),('asimkins3y','H6ShympJ',NULL,143),('atambling8','L0U8lwC4QvT',NULL,9),('atingey26','GtbSElyCrFKb',NULL,79),('awavell1e','N031m51aZX1O',51,NULL),('awishers','jtVR5EVAM6j',29,NULL),('awitherup1u','JAkX00lzsxer',NULL,67),('bbeldham3q','ULq6hVbWSu',NULL,135),('bbennett2z','RjJWVos',108,NULL),('bcarmody2h','4Xx7IRlgsB6W',NULL,90),('bcrunkhornm','bLsIy6',23,NULL),('bczaja2o','xBi29a',97,NULL),('bdecleynew','qjeSOL7',33,NULL),('bfrancescottia','P3gwkXpK',NULL,11),('bgosz6','VzpWL90ksT',7,NULL),('bhaborn27','dEwHqtaDm',NULL,80),('bjervois1d','w8fQm8TEFR',NULL,50),('bmccool2v','T1APZJ5m3',NULL,104),('bmcreynold10','OUhyBuaJPci',37,NULL),('bpatek17','Ljk2cRqBC',44,NULL),('bpoluzzi2y','mdY3xbYW',NULL,107),('caubrey21','jnvFJ4TFe',74,NULL),('ccarnier6','NGJUBVpGZqj',NULL,7),('ccompston3f','NNsJuRnprDE0',124,NULL),('ccourse2q','kvrmjJxS8f86',99,NULL),('cdohms1l','9IowUFU31',58,NULL),('cdoorey3k','jnUqLAg6lTt',NULL,129),('cdrains2j','gpLrtx16Cwn',92,NULL),('cedgeson15','XmoT4aZd',NULL,42),('cedlestone1a','0qnEWFv2yuvy',NULL,47),('cespinal1b','m9TNrmsJ',NULL,48),('cfrandsenf','kJeE7lJ',16,NULL),('cgynn2e','vfjt9cjJ',87,NULL),('ckincaidh','i34pCmG26',18,NULL),('ckobiera13','h98lUTW',NULL,40),('cludlom3o','DDvN9h0',NULL,133),('cmaddrah22','HHX9DW',75,NULL),('cmarnane1w','jpiY5dp4',69,NULL),('cnutbrown0','Cxz9Lp3',1,NULL),('conion10','sQ3jybWrvrX',NULL,37),('coshavlan1x','8alxbytBJ1HE',70,NULL),('cpavlitschek2t','ktArHjYVV',102,NULL),('cradish2m','RSAyJv',95,NULL),('creddihough2b','Meg6XaFebQJ',NULL,84),('crosewall38','n5IpVv',117,NULL),('cvarrow2c','oQtTzmuzyh',85,NULL),('cvouls1l','hfw5cJfzGt',NULL,58),('cwharton14','VHvYrZgfZ73l',NULL,41),('dbertlin2i','FqqyuUlo',91,NULL),('dboon1t','7GBWtnuvTz1C',NULL,66),('ddillewayn','eOeJ7Yhw7',24,NULL),('delijahu1b','a4Lp4hH9sD',48,NULL),('delloy11','RYNFkK0rgEa',38,NULL),('dforsaith20','ZDS7XYygdOot',73,NULL),('dfuzzens3g','1jAxskQu',125,NULL),('dgalton20','YatUuoCtT',NULL,73),('dhurling2x','MvwSHIQt5',106,NULL),('djanota19','FPHgn5W0hGD',NULL,46),('djerramsi','eXoeTpZSOO',19,NULL),('dkalisch3u','VdPgCy',NULL,139),('dmccalum2f','J0AfZMrDE',88,NULL),('dpeata','av1WB6gS',11,NULL),('druben0','EHbJRJqSScDW',NULL,1),('dtretheweys','q5nSdndoXNNG',NULL,29),('ebenchery','PnmLbL9m7oG',35,NULL),('edailex','n6yoKx3hTEnz',NULL,34),('efoulkes1t','sJvMItjOo',66,NULL),('eglennard1s','QZvbhiYvj',NULL,65),('egonzales4','Qr6IWGym5',5,NULL),('egoodison30','5s9wNf2uq8p',109,NULL),('ehainsworth1m','KLlMbzyin5n',59,NULL),('elangfield29','gGox8qX5',NULL,82),('elovelady4','wUvHtdfSRv',NULL,5),('emackennyf','MDPvX8D',NULL,16),('emcteggart3','Zhprpwgu1Z',NULL,4),('enorfolk3b','271BtIOuDX',NULL,120),('epedrick1g','SGv0Tz',53,NULL),('erekes3c','ZJ4DOvKwh',121,NULL),('eshearsby2','Qu84OBIkxp1V',NULL,3),('eskala2e','Q2Aglus',NULL,87),('fblackman3v','Zj6E1c',NULL,140),('fgodball2q','87q1K1M',NULL,99),('fmccanny33','86aXNPR',NULL,112),('fprettyjohns33','YenwYc',112,NULL),('froberto2a','2KrPoF9',NULL,83),('fwildsmith3s','I0OWkmSUpR4',NULL,137),('fwoodeson19','armelUi',46,NULL),('gbebis2l','Qm6AJ5C',NULL,94),('gburnsell1q','oD1j28W0r7',NULL,63),('gbysshe1','cwW4Iyaej',NULL,2),('ggoldup2z','8YPhnxTa',NULL,108),('gkingslyj','THeKKi',20,NULL),('gmenauteau24','FI0bs4po5eB',NULL,77),('gsteptow1y','QrqUdUB7e',NULL,71),('gtruitt3','jn1Sn14OFso',4,NULL),('gvannikov3c','iL4rhCynxv',NULL,121),('hbouller3h','NgHH9SnEU01',NULL,126),('hcrickmer1k','VW41ER',NULL,57),('hforce22','CFdofu4',NULL,75),('hgreenhough1c','mAN52tcYY',NULL,49),('hgribbon1v','sL5SqGkT6',68,NULL),('hhampshaww','oMDLfcrBRgZQ',NULL,33),('hkinneally2n','5wDHXTI',NULL,96),('hlucks2u','VWjfsBNT',NULL,103),('hmoodey41','hJJ0Fa',NULL,146),('hportalm','iwSYqWwsM',NULL,23),('hquinnell26','Xafptzw',79,NULL),('hsimsonc','VoJjiUUHLQKS',13,NULL),('idawber1f','o1NAhYOIsHwJ',52,NULL),('ifairneyn','cbUvaVrLzP',NULL,24),('imeecherq','uPv2YhrR',27,NULL),('ipantry32','ohRXZWsu7',111,NULL),('jbenet37','q3T9Czmh',116,NULL),('jbrick2g','KGWpVf7o',89,NULL),('jbridgement2t','0DcUGrtZY8',NULL,102),('jbrunsdon2f','VdofHk6on',NULL,88),('jearey45','wqtsjceaQvnj',NULL,150),('jellingfordk','Ew4uAbLCVM0',21,NULL),('jfollinu','BAiIEu1TH',31,NULL),('jgoodlake2r','dMwtjkGdjfmV',100,NULL),('jhallatt3t','yAs8vyDaW9',NULL,138),('jheimesb','z23aJqZ',12,NULL),('jhurlingp','GwRO2ggq',26,NULL),('jolwen2x','MOI9rsKTMh',NULL,106),('jthurborn1q','ptirsreh0',63,NULL),('jtrousdell3b','eyaI86',120,NULL),('jvidgeon1','ukgmAlO',2,NULL),('kbasone','YxI4sriO9Og',NULL,15),('kchancellor16','xkrYpXfzH',43,NULL),('kdjorvic3d','WsUFR9ZuJk52',122,NULL),('kdouris7','A6wdQV2CIr6e',8,NULL),('kgoodbairn1v','UUwlH4oB',NULL,68),('kgrewer40','rabPV4vdhHI',NULL,145),('khuske1e','liVV0G',NULL,51),('klaurenceau1o','1XuQd77k3FwA',NULL,61),('kmcquilkin2s','n5Fifk',NULL,101),('kmelby2k','RRyEPgb14',NULL,93),('kseals21','hTM0V2',NULL,74),('ktimbs18','6NGBoGmDJT',45,NULL),('lcreech28','jfg0mr05V',NULL,81),('ldanielsen8','VJHGffwC1V34',9,NULL),('ldashkov18','OSxmQqJo',NULL,45),('ldavioudv','e1mEJy',32,NULL),('ldinan1m','wZfMKg',NULL,59),('ldinneen1n','FkGjiA0r2P',60,NULL),('ldutton1i','TbAegt',55,NULL),('lgeffinger1z','fsCbZl6Anjh',72,NULL),('lhardani','UgZFnX',NULL,19),('lhelmke1z','V0q8PkccUsfv',NULL,72),('lhilbourne34','ReHBT5V',NULL,113),('linde1a','mFvHxSn6W0',47,NULL),('llode5','NbWvBdQ',6,NULL),('lmitcheson1s','5lb25hmG6zE9',65,NULL),('loakeshott1r','gSqlWR9D2YoM',NULL,64),('lpenay','jCuya2',NULL,35),('lremirez2s','V0kHGlG',101,NULL),('lrotherhamz','OxOPszbcAf',36,NULL),('lswyersexey1w','nsZBZL7HPiWN',NULL,69),('mbaradel15','ZQqn1nAxzA',42,NULL),('mbarnwill3g','isAOa3',NULL,125),('mbeau1i','hhxqmXz',NULL,55),('mchipping2p','nFhfKpSYlx',NULL,98),('mcordeau3w','APzjzFsJztv',NULL,141),('mextance31','PJ9QB4',110,NULL),('mfarnie12','uTCpDnVw0',39,NULL),('mfeild11','U2eqow8r',NULL,38),('mfortescuel','ZopRlOP3Nz',22,NULL),('mgapper2u','KD9JUCxF',103,NULL),('mkinghornez','FXGuEjo',NULL,36),('mmcginny30','xXtKpy9WS6g',NULL,109),('mmintyb','Udxhb8miT',NULL,12),('mnewson3f','utY37ZwzIX',NULL,124),('mnortherng','WlmnWqIX',NULL,17),('mpacheco1h','KUZbBfGOthsa',NULL,54),('mrelft','cUG3Tv9H3LTT',30,NULL),('mrodway37','WvLzoc0G2WY',NULL,116),('msloley12','luHjQ68c6BTN',NULL,39),('mwetheril2w','68pCy7us',105,NULL),('mwingfieldk','nDBXbQLsM',NULL,21),('mwishamt','b0fHFbn',NULL,30),('mwittl','kTiPavg',NULL,22),('nalberts1u','xp9dCgWfS',67,NULL),('ncanwell24','W4aMWx',77,NULL),('nitchingham13','gxJviUp',40,NULL),('nriglar36','kqBfE513TsQW',115,NULL),('nsplain35','CcKSqY0',114,NULL),('nvongrollmann1x','11jUx1GEQpr',NULL,70),('omcfade2g','XJKuOnQ',NULL,89),('omcguiganh','116MlT62bcK1',NULL,18),('oronaldson2r','JNeMYLDyiB',NULL,100),('otinghill3p','CYfJ2BFyGH',NULL,134),('pavramovsky5','j1MOyRrRJy',NULL,6),('pchallicumc','NWUrOgfnevdv',NULL,13),('pgheraldi3a','1avYKbf',119,NULL),('pgroundwator2l','QEzKnuk',94,NULL),('phalstedo','TBFa8l',25,NULL),('plongmead39','Tbge9Vlpkb',118,NULL),('psiberry2a','kul8sNq4D',83,NULL),('qsmidmoor9','5styf9wt',10,NULL),('qvivers2m','jZOuv19',NULL,95),('rbowkleyp','62LtMz2W5U',NULL,26),('rceyssenr','eUfQiO3C8',NULL,28),('rconigsby2p','8hKt3R8',98,NULL),('rgolledge1r','cbUs5hGl',64,NULL),('rheball1d','SoNgbZxTidb',50,NULL),('rmangenotq','jhmaCfwposw',NULL,27),('rmcneigh1n','eU2P4q0HF',NULL,60),('rmillichap42','I8H00HJ9j',NULL,147),('rpadly2o','SXxDHEdkcda0',NULL,97),('rpummery9','kr3np3',NULL,10),('rrollinshaw35','4zVUj4QiDx9',NULL,114),('rstoltz23','zp66QrW6Ov',NULL,76),('rwarkup1g','S2LQCOXNs',NULL,53),('rwoltman3m','ZjcaxdYKC',NULL,131),('rworkman1c','GLNQz1',49,NULL),('samoss2n','y674PaI5R61',96,NULL),('santleyj','O1EvEJzMuF',NULL,20),('santowski3x','JSrDX6kzcog',NULL,142),('sbairnsfather3z','Qx4jL2fnx9Xv',NULL,144),('sblunden1j','gdAxuvHC',NULL,56),('sbordman2w','h5sKT5FvVO9x',NULL,105),('scarbert2v','gBv9Hdh',104,NULL),('scaswell2i','GWkQckxBEQm',NULL,91),('scowhig2y','CCJVat7F',107,NULL),('sdouberday1y','RWTu1LVj',71,NULL),('sdumberellr','PyfEgKM',28,NULL),('sdundredged','EqOYxX3cKx',NULL,14),('shardstaff3e','y7yqio6D8p',NULL,123),('slampitt28','ys4BOnZoOgt',81,NULL),('smacer1j','nhhzXJlhY2',56,NULL),('sodornan2d','uGjgBEVIM',NULL,86),('solivella1f','VdzgkA',NULL,52),('ssalazar3e','23t2k0bu',123,NULL),('sstilling16','Wnu4QHnYzYaG',NULL,43),('syelden3j','wHDUR9Hgz',NULL,128),('tcaroline36','33MBixOYyym',NULL,115),('thancox2j','kuRpuAPArU',NULL,92),('theintz2b','EFDLqDPTGqa',84,NULL),('tkeizman29','18pf1A5S1q8',82,NULL),('uchicchelli14','ORLnEgg7yFh',41,NULL),('uthunnercliffe3d','Ybd4sHux4Q',NULL,122),('vblazey1p','zo3d1T',62,NULL),('vbolam34','UFhuWc8',113,NULL),('vleidecker1h','LeFi5TYM',54,NULL),('vspira3l','BQifd2LjYl',NULL,130),('wdalrymple43','ohIqOKEOsqW',NULL,148),('wmcpaik25','8GqrlXxGj',78,NULL),('wpoundsford7','uwu4l5nnhez',NULL,8),('wspours3n','o4Hg2lz',NULL,132),('yandersch44','7GQyteYjBi',NULL,149),('yduffer3i','LFGPnCz1IoD',NULL,127),('zgaynor1k','rdXbIVMv',57,NULL),('zmatura2k','LZbMGpETsQb5',93,NULL),('zwithull25','2dxZjuxJbK',NULL,78);
/*!40000 ALTER TABLE `login` ENABLE KEYS */;
UNLOCK TABLES;

--
-- Table structure for table `payments`
--

DROP TABLE IF EXISTS `payments`;
/*!40101 SET @saved_cs_client     = @@character_set_client */;
/*!50503 SET character_set_client = utf8mb4 */;
CREATE TABLE `payments` (
  `travel_id` int NOT NULL,
  `dist` int DEFAULT NULL,
  `travel_time` time DEFAULT NULL,
  `destination` int DEFAULT NULL,
  `pickup` int DEFAULT NULL,
  `charges` int DEFAULT '100',
  PRIMARY KEY (`travel_id`),
  CONSTRAINT `payments_ibfk_1` FOREIGN KEY (`travel_id`) REFERENCES `rides_data` (`travel_id`),
  CONSTRAINT `payments_chk_1` CHECK ((`dist` >= 0)),
  CONSTRAINT `payments_chk_2` CHECK ((`charges` >= 100))
) ENGINE=InnoDB DEFAULT CHARSET=utf8mb4 COLLATE=utf8mb4_0900_ai_ci;
/*!40101 SET character_set_client = @saved_cs_client */;

--
-- Dumping data for table `payments`
--

LOCK TABLES `payments` WRITE;
/*!40000 ALTER TABLE `payments` DISABLE KEYS */;
INSERT INTO `payments` VALUES (1,31,'19:11:36',6,2,2935),(2,46,'21:19:31',8,8,2563),(3,37,'19:44:00',8,6,3858),(4,64,'19:47:54',10,7,1822),(5,45,'03:01:19',1,1,1391),(6,59,'13:57:54',10,10,2446),(7,26,'17:38:16',10,7,3224),(8,47,'01:04:31',5,10,592),(9,46,'21:16:06',6,10,4851),(11,63,'04:02:01',5,10,1876),(12,54,'16:37:23',7,6,1248),(17,37,'03:43:33',2,6,1978),(19,48,'19:00:15',10,4,275),(20,51,'15:23:36',10,7,4175),(21,51,'00:31:44',10,2,4588),(22,70,'07:48:13',5,3,2640),(23,40,'08:42:21',8,3,4415),(24,49,'19:06:29',7,8,1057),(25,26,'22:37:43',9,1,747),(26,47,'20:47:23',5,4,3282),(27,67,'18:37:09',4,7,1585),(28,70,'02:20:57',3,9,4144),(29,46,'14:21:41',5,10,4015),(30,62,'04:00:47',10,2,4498),(31,54,'02:44:08',10,7,3182),(32,54,'03:02:54',7,5,3945),(33,65,'06:59:13',3,10,3893),(34,49,'05:51:14',2,7,1683),(35,30,'23:24:56',7,1,3409),(36,36,'06:07:05',3,1,3551),(37,52,'02:40:12',6,8,3100),(38,42,'18:48:32',5,2,4827),(39,50,'08:10:23',8,1,2825),(40,27,'15:15:59',8,3,2451),(41,61,'18:52:25',9,8,743),(42,63,'13:16:14',9,4,3207),(43,29,'19:59:29',6,1,1822),(44,56,'22:28:13',7,2,1683),(45,40,'08:11:06',3,7,2368),(46,28,'00:59:19',7,1,3836),(47,26,'14:46:42',3,9,2529),(48,60,'02:12:13',6,5,1171),(49,36,'07:25:13',3,2,3102),(50,52,'20:52:03',2,7,3018),(51,55,'08:49:34',1,3,3964),(52,59,'02:37:43',4,8,972),(53,66,'00:40:30',4,3,754),(54,46,'09:47:11',3,6,1156),(55,41,'03:17:56',1,5,392),(56,45,'03:30:05',3,9,3103),(57,39,'19:23:21',3,8,2509),(58,61,'12:50:32',4,7,3079),(59,43,'05:58:39',10,2,2771),(60,46,'21:26:27',3,2,820),(61,65,'02:33:39',1,1,3025),(62,34,'14:17:38',5,8,2558),(63,68,'12:08:56',4,7,4532),(64,64,'00:51:56',1,9,1970),(65,43,'00:10:01',7,9,591),(66,37,'05:25:01',5,7,4298),(67,51,'17:50:55',4,8,896),(68,66,'10:32:44',3,8,3666),(69,65,'00:44:32',2,2,4123),(70,58,'10:04:15',7,2,799),(71,42,'16:59:52',4,2,736),(72,63,'03:18:34',3,3,523),(73,59,'04:56:39',5,2,3160),(74,26,'21:07:59',8,1,4929),(75,31,'15:53:28',8,4,3355),(76,56,'03:49:10',5,4,3146),(77,56,'14:51:14',6,1,3141),(78,62,'09:24:39',7,7,1218),(79,59,'20:46:41',10,6,2897),(80,44,'05:31:47',7,9,3981),(81,68,'23:00:50',6,8,2030),(82,65,'09:34:37',9,6,2338),(83,40,'03:44:25',10,4,1697),(84,62,'04:20:04',3,1,3348),(85,62,'14:36:54',4,3,3875),(86,40,'09:46:55',9,10,1751),(87,66,'17:10:13',8,10,4832),(88,32,'12:12:58',5,5,4610),(89,57,'16:35:59',3,8,4676),(90,59,'16:00:28',2,2,3462),(91,42,'09:37:05',5,7,284),(92,61,'04:24:42',10,5,3610),(93,58,'14:03:39',2,10,1933),(94,62,'09:53:19',6,1,2527),(95,38,'03:11:53',9,9,4915),(96,59,'09:13:55',1,4,3426),(97,37,'07:52:31',3,2,2370),(98,62,'09:46:26',2,10,1853),(99,37,'09:30:40',1,4,4317),(100,39,'18:57:31',3,7,4922),(101,42,'12:56:28',8,8,3526),(102,44,'17:48:29',3,7,1899),(103,26,'12:01:14',8,5,4717),(104,54,'23:06:04',5,5,960),(105,38,'16:08:11',5,1,372),(106,62,'22:19:37',9,3,4484),(107,46,'03:49:16',10,4,1094),(108,30,'03:07:05',1,8,4619),(109,35,'18:51:08',9,7,2840),(110,57,'04:58:16',6,6,3191),(111,61,'02:30:52',8,7,3598),(112,36,'10:23:06',9,5,913),(113,46,'19:40:48',5,6,3636),(114,63,'04:05:25',2,5,321),(115,65,'11:10:45',5,2,1792),(116,62,'16:22:32',1,10,4308),(117,49,'10:43:06',10,3,3435),(118,65,'03:04:47',7,5,4692),(119,60,'18:23:35',3,2,3985),(120,30,'08:42:31',6,8,2524),(121,46,'13:40:12',5,1,2162),(122,50,'20:03:35',4,6,445),(123,53,'02:57:28',8,1,1554),(124,52,'21:38:25',7,8,1111),(125,58,'14:39:52',5,9,1485),(126,54,'08:53:51',5,10,1172),(127,42,'23:39:09',6,1,512),(128,25,'17:58:08',5,8,4849),(129,58,'12:17:23',10,2,544),(130,48,'19:04:42',4,3,2601),(131,51,'15:02:28',9,6,3685),(132,61,'21:18:12',3,5,3024),(133,44,'08:09:47',4,7,1025),(134,37,'19:42:46',7,6,3850),(135,56,'21:04:31',6,1,3590);
/*!40000 ALTER TABLE `payments` ENABLE KEYS */;
UNLOCK TABLES;

--
-- Table structure for table `rides_data`
--

DROP TABLE IF EXISTS `rides_data`;
/*!40101 SET @saved_cs_client     = @@character_set_client */;
/*!50503 SET character_set_client = utf8mb4 */;
CREATE TABLE `rides_data` (
  `travel_id` int NOT NULL AUTO_INCREMENT,
  `c_id` int DEFAULT NULL,
  `d_id` int DEFAULT NULL,
  `car_no` varchar(20) DEFAULT NULL,
  `date_time` datetime DEFAULT NULL,
  `status` varchar(20) DEFAULT NULL,
  PRIMARY KEY (`travel_id`),
  KEY `c_id` (`c_id`),
  KEY `d_id` (`d_id`),
  KEY `car_no` (`car_no`),
  KEY `ride_status` (`status`),
  KEY `ride_dates` (`date_time`),
  CONSTRAINT `rides_data_ibfk_1` FOREIGN KEY (`c_id`) REFERENCES `customer` (`id`),
  CONSTRAINT `rides_data_ibfk_2` FOREIGN KEY (`d_id`) REFERENCES `driver` (`id`),
  CONSTRAINT `rides_data_ibfk_3` FOREIGN KEY (`car_no`) REFERENCES `taxi` (`car_no`)
) ENGINE=InnoDB AUTO_INCREMENT=392 DEFAULT CHARSET=utf8mb4 COLLATE=utf8mb4_0900_ai_ci;
/*!40101 SET character_set_client = @saved_cs_client */;

--
-- Dumping data for table `rides_data`
--

LOCK TABLES `rides_data` WRITE;
/*!40000 ALTER TABLE `rides_data` DISABLE KEYS */;
INSERT INTO `rides_data` VALUES (1,113,57,'K2-34','2022-04-23 15:25:43','cancel'),(2,11,106,'MJ-03','2022-04-28 20:17:12','cancel'),(3,110,40,'MJ-03','2022-09-27 01:14:23','done'),(4,108,105,'Q2-94','2022-07-10 23:47:01','ongoing'),(5,94,1,'AX-73','2022-10-23 06:53:52','cancel'),(6,42,102,'AX-73','2022-07-02 23:17:02','ongoing'),(7,97,62,'RJ-63','2022-05-08 23:06:48','cancel'),(8,126,125,'AX-73','2022-10-18 05:05:16','cancel'),(9,122,33,'AX-73','2022-02-24 22:00:16','done'),(11,95,80,'AX-73','2022-05-21 20:51:26','ongoing'),(12,8,5,'MJ-03','2022-08-21 02:33:42','cancel'),(17,88,47,'A2-64','2022-12-11 11:26:01','cancel'),(19,16,28,'A2-64','2022-06-18 00:28:31','ongoing'),(20,1,48,'A2-64','2022-11-30 03:18:25','ongoing'),(21,56,12,'A2-64','2022-07-16 13:06:28','ongoing'),(22,58,51,'A2-64','2022-10-22 14:12:43','done'),(23,15,44,'A2-64','2022-06-26 10:49:30','cancel'),(24,63,77,'A2-64','2022-08-03 23:45:58','ongoing'),(25,4,52,'A2-64','2022-10-12 13:22:57','cancel'),(26,75,64,'A2-64','2023-01-30 13:00:25','ongoing'),(27,37,49,'A2-64','2022-08-16 06:08:48','done'),(28,32,66,'A2-64','2022-07-25 16:40:04','ongoing'),(29,87,57,'A2-64','2022-08-02 16:27:41','done'),(30,76,50,'A2-64','2022-04-19 12:00:24','done'),(31,21,96,'A2-64','2022-10-02 12:34:20','done'),(32,1,67,'A2-64','2022-02-11 01:22:39','done'),(33,81,66,'A2-64','2022-04-23 10:26:24','cancel'),(34,10,45,'A2-64','2022-09-02 10:43:17','done'),(35,89,61,'A2-64','2022-12-17 14:01:48','cancel'),(36,1,63,'A2-64','2022-12-01 00:05:15','ongoing'),(37,61,87,'A2-64','2023-01-20 06:34:57','done'),(38,34,44,'A2-64','2022-10-13 09:04:45','cancel'),(39,88,80,'A2-64','2022-05-29 21:01:23','done'),(40,9,5,'A2-64','2022-07-07 03:41:58','ongoing'),(41,68,17,'A2-64','2023-01-23 09:49:26','done'),(42,85,88,'A2-64','2022-11-21 18:07:39','cancel'),(43,83,74,'A2-64','2022-04-02 02:15:16','done'),(44,16,2,'A2-64','2022-08-21 08:00:50','cancel'),(45,97,78,'A2-64','2023-01-06 16:54:30','ongoing'),(46,21,30,'A2-64','2022-11-15 00:57:56','cancel'),(47,30,30,'A2-64','2022-03-06 15:24:39','ongoing'),(48,5,94,'A2-64','2023-01-25 08:40:08','ongoing'),(49,19,56,'A2-64','2022-06-13 08:32:58','ongoing'),(50,21,21,'A2-64','2022-08-29 05:36:12','ongoing'),(51,63,44,'A2-64','2022-03-25 06:13:31','ongoing'),(52,11,59,'A2-64','2022-12-23 14:49:36','cancel'),(53,99,33,'A2-64','2022-03-16 09:42:45','done'),(54,84,62,'A2-64','2022-09-19 21:59:03','cancel'),(55,81,26,'A2-64','2022-12-05 05:54:36','ongoing'),(56,76,76,'A2-64','2022-12-21 05:21:35','done'),(57,67,17,'A2-64','2022-10-29 00:02:06','done'),(58,28,24,'A2-64','2023-01-01 06:20:16','cancel'),(59,2,93,'A2-64','2022-07-10 03:44:58','ongoing'),(60,51,80,'A2-64','2022-08-16 16:39:53','done'),(61,38,12,'A2-64','2022-09-22 18:09:26','done'),(62,97,6,'A2-64','2023-02-04 08:43:19','done'),(63,97,45,'A2-64','2022-04-15 03:29:54','ongoing'),(64,27,30,'A2-64','2022-10-07 02:49:00','cancel'),(65,58,77,'A2-64','2022-03-05 12:30:52','cancel'),(66,96,42,'A2-64','2022-08-05 17:25:05','ongoing'),(67,54,40,'A2-64','2022-07-23 02:30:36','cancel'),(68,49,79,'A2-64','2022-11-10 16:38:49','cancel'),(69,44,4,'A2-64','2022-08-07 07:42:48','cancel'),(70,23,90,'A2-64','2023-02-08 21:52:33','ongoing'),(71,72,44,'A2-64','2022-08-14 23:47:26','ongoing'),(72,82,34,'A2-64','2022-08-09 12:57:19','done'),(73,66,87,'A2-64','2022-07-13 20:03:07','cancel'),(74,51,92,'A2-64','2023-01-31 07:27:12','ongoing'),(75,83,96,'A2-64','2022-03-31 18:53:30','done'),(76,96,43,'A2-64','2022-06-01 23:08:04','ongoing'),(77,27,45,'A2-64','2022-06-16 18:22:09','ongoing'),(78,13,7,'A2-64','2022-03-09 09:56:01','cancel'),(79,62,4,'A2-64','2022-09-24 15:36:03','done'),(80,74,72,'A2-64','2022-05-17 04:57:03','cancel'),(81,23,49,'A2-64','2022-07-26 04:20:14','done'),(82,57,60,'A2-64','2023-02-09 08:35:18','done'),(83,19,36,'A2-64','2022-04-11 03:49:13','done'),(84,98,76,'A2-64','2022-04-07 22:42:50','ongoing'),(85,22,52,'A2-64','2022-07-15 09:12:55','done'),(86,71,10,'A2-64','2022-08-23 06:05:44','cancel'),(87,79,59,'A2-64','2022-10-01 07:58:26','ongoing'),(88,15,8,'A2-64','2022-06-16 22:11:28','ongoing'),(89,24,34,'A2-64','2022-03-25 13:19:20','done'),(90,72,74,'A2-64','2022-10-14 02:25:19','cancel'),(91,42,16,'A2-64','2022-06-20 19:52:37','ongoing'),(92,28,24,'A2-64','2022-05-19 00:41:26','cancel'),(93,57,24,'A2-64','2022-03-22 03:46:59','cancel'),(94,21,8,'A2-64','2022-11-04 23:45:01','ongoing'),(95,32,93,'A2-64','2022-12-23 17:23:50','ongoing'),(96,95,20,'A2-64','2022-11-12 16:20:28','cancel'),(97,35,99,'A2-64','2022-08-29 19:07:00','ongoing'),(98,74,75,'A2-64','2022-08-01 15:31:57','ongoing'),(99,96,30,'A2-64','2022-06-24 05:49:05','cancel'),(100,55,30,'A2-64','2022-05-18 02:17:33','cancel'),(101,47,76,'A2-64','2022-10-24 03:59:45','ongoing'),(102,32,13,'A2-64','2022-12-27 20:39:59','cancel'),(103,53,36,'A2-64','2022-09-21 08:56:05','done'),(104,91,11,'A2-64','2022-02-15 20:35:10','ongoing'),(105,55,48,'A2-64','2022-05-19 01:16:13','ongoing'),(106,82,70,'A2-64','2022-09-10 09:38:44','done'),(107,37,81,'A2-64','2022-12-18 06:02:44','done'),(108,57,28,'A2-64','2022-11-05 23:00:58','ongoing'),(109,29,69,'A2-64','2022-05-05 01:50:32','ongoing'),(110,51,75,'A2-64','2022-11-27 01:08:04','done'),(111,66,27,'A2-64','2022-03-23 14:33:21','cancel'),(112,40,99,'A2-64','2022-06-20 13:27:09','cancel'),(113,21,70,'A2-64','2022-08-23 22:35:32','ongoing'),(114,82,45,'A2-64','2022-03-03 01:11:19','cancel'),(115,51,70,'A2-64','2022-03-08 22:53:30','ongoing'),(116,99,40,'A2-64','2023-01-16 23:03:32','done'),(117,11,35,'A2-64','2023-02-04 10:16:51','done'),(118,20,18,'A2-64','2022-08-31 06:10:13','done'),(119,63,29,'A2-64','2022-04-10 10:10:29','done'),(120,83,19,'A2-64','2022-04-09 03:17:27','done'),(121,66,13,'A2-64','2022-05-15 11:15:09','ongoing'),(122,5,40,'A2-64','2022-08-30 03:45:35','cancel'),(123,99,68,'A2-64','2022-07-19 17:13:44','cancel'),(124,41,92,'A2-64','2022-10-15 21:22:10','ongoing'),(125,48,22,'A2-64','2022-12-21 07:39:38','ongoing'),(126,53,37,'A2-64','2022-05-29 22:15:44','ongoing'),(127,92,69,'A2-64','2023-02-05 18:33:36','done'),(128,19,2,'A2-64','2022-10-17 17:36:52','cancel'),(129,2,68,'A2-64','2022-03-21 19:15:19','ongoing'),(130,52,15,'A2-64','2022-03-07 09:40:28','ongoing'),(131,54,10,'A2-64','2022-06-01 03:49:24','ongoing'),(132,61,53,'A2-64','2022-12-12 17:16:11','done'),(133,25,12,'A2-64','2022-11-16 17:41:09','done'),(134,46,18,'A2-64','2022-10-25 18:13:55','ongoing'),(135,9,61,'A2-64','2023-01-23 12:54:57','ongoing'),(136,55,31,'A2-64','2022-02-19 11:54:35','done'),(137,100,59,'A2-64','2022-04-14 15:33:25','cancel'),(138,79,27,'A2-64','2023-02-05 07:20:08','ongoing'),(139,28,4,'A2-64','2022-07-12 17:24:35','ongoing'),(140,75,78,'A2-64','2022-07-04 14:29:21','cancel'),(141,48,15,'A2-64','2022-12-06 20:06:43','ongoing'),(142,32,14,'TP-53','2022-02-28 12:32:40','done'),(143,139,25,'HJ-93','2022-04-08 23:19:08','ongoing'),(144,70,21,'MNY-33','2022-04-19 16:57:11','ongoing'),(145,1,48,'B2-64','2022-06-28 02:22:20','done'),(146,10,39,'VX-23','2022-06-20 18:57:11','done'),(147,115,73,'TP-53','2022-10-26 04:00:22','done'),(148,104,38,'XF-73','2022-07-30 12:59:38','cancel'),(149,105,73,'NP-03','2022-07-25 06:45:21','ongoing'),(150,73,1,'OO-93','2022-10-15 16:30:18','done'),(151,28,125,'LEE-63','2022-11-29 07:41:31','done'),(152,19,87,'H2-94','2022-08-24 19:28:22','cancel'),(153,62,100,'RC-03','2022-02-17 21:29:10','ongoing'),(154,127,119,'TP-53','2022-09-22 06:11:16','cancel'),(155,25,89,'OSB-83','2022-09-19 14:29:39','ongoing'),(156,15,47,'RDM-13','2022-07-25 17:14:35','done'),(157,40,96,'MS-83','2022-07-01 20:03:15','cancel'),(158,132,39,'QPQ-53','2022-09-07 18:08:42','ongoing'),(159,132,102,'WX-43','2022-12-18 12:16:31','done'),(160,35,68,'Z2-24','2022-03-03 05:56:49','done'),(161,44,90,'U2-54','2022-03-23 12:42:51','done'),(162,44,29,'RC-03','2022-05-24 12:25:48','done'),(163,55,17,'X2-94','2022-08-14 09:30:37','cancel'),(164,99,34,'NP-03','2022-07-29 07:15:15','done'),(165,100,82,'H2-94','2022-05-28 07:36:11','done'),(166,3,78,'ASB-33','2022-12-27 10:01:22','cancel'),(167,112,43,'RC-03','2022-08-22 17:21:23','cancel'),(168,101,90,'RC-73','2023-02-05 00:58:59','cancel'),(169,63,8,'XF-73','2022-05-04 19:47:43','cancel'),(170,65,43,'ASB-33','2022-08-25 20:27:16','ongoing'),(171,122,4,'TG-23','2022-08-05 04:10:58','ongoing'),(172,34,63,'QPQ-53','2022-08-09 03:54:43','ongoing'),(173,48,5,'TP-53','2022-06-20 17:33:20','done'),(174,65,62,'TG-23','2022-07-24 20:47:31','ongoing'),(175,80,79,'PB-43','2022-06-01 01:34:20','ongoing'),(176,96,22,'MNY-33','2022-12-25 11:05:34','done'),(177,130,3,'RF-33','2022-06-27 03:41:30','ongoing'),(178,50,75,'XK-03','2022-03-13 03:16:13','ongoing'),(179,47,83,'U2-54','2023-02-09 18:21:54','done'),(180,37,32,'TWR-23','2023-01-21 11:03:00','done'),(181,41,109,'OO-93','2022-12-08 00:01:04','ongoing'),(182,128,13,'TWR-23','2022-03-25 19:20:46','done'),(183,36,53,'RC-03','2022-10-28 05:05:11','done'),(184,102,31,'RC-73','2022-02-28 02:59:41','ongoing'),(185,108,110,'RC-73','2022-05-13 08:20:53','cancel'),(186,122,33,'RC-03','2022-04-16 18:14:31','cancel'),(187,67,32,'XF-73','2022-12-14 23:47:09','cancel'),(188,27,5,'THU-73','2022-03-20 15:47:17','cancel'),(189,132,109,'OSB-83','2022-10-24 09:19:12','ongoing'),(190,118,77,'TWR-23','2022-09-13 01:30:36','cancel'),(191,24,93,'QIU-63','2022-02-20 17:33:07','ongoing'),(192,111,34,'XK-03','2022-04-12 03:58:58','ongoing'),(193,104,25,'LEE-63','2023-01-10 22:48:50','done'),(194,59,101,'YLZ-23','2022-08-27 13:25:09','cancel'),(195,8,9,'NP-03','2022-06-17 09:08:21','ongoing'),(196,78,87,'MS-83','2022-06-21 07:46:34','ongoing'),(197,96,74,'X2-54','2022-03-01 21:34:58','ongoing'),(198,1,95,'Z2-24','2022-12-17 19:11:18','cancel'),(199,2,81,'RC-73','2022-09-11 12:56:36','cancel'),(200,12,97,'PB-43','2022-11-13 06:31:41','ongoing'),(201,24,9,'Y2-54','2023-01-05 01:23:05','done'),(202,105,9,'VX-23','2022-05-21 05:21:47','ongoing'),(203,64,84,'THU-73','2022-10-08 03:38:44','done'),(204,21,69,'TP-53','2022-05-26 17:44:03','done'),(205,47,112,'VG-53','2023-01-24 00:00:58','done'),(206,35,79,'ASB-33','2023-01-09 04:56:39','cancel'),(207,96,70,'X2-54','2022-05-28 22:44:56','cancel'),(208,40,22,'RF-33','2022-09-29 12:19:03','ongoing'),(209,25,29,'OK-83','2022-11-19 10:36:46','ongoing'),(210,143,61,'ASB-33','2022-04-21 08:54:09','done'),(211,91,48,'TP-53','2022-10-06 19:09:19','done'),(212,98,102,'TP-53','2022-06-23 03:22:46','ongoing'),(213,70,72,'VX-23','2022-05-05 00:46:18','done'),(214,94,57,'TP-53','2022-03-25 07:17:42','done'),(215,44,37,'ASB-33','2022-06-11 06:01:52','ongoing'),(216,114,98,'LEE-63','2022-10-02 18:46:45','ongoing'),(217,52,55,'THU-73','2022-08-29 18:48:52','ongoing'),(218,106,27,'QIU-63','2022-05-30 07:47:42','cancel'),(219,141,35,'VG-53','2022-08-31 07:02:54','cancel'),(220,65,56,'MS-83','2022-05-01 11:33:37','done'),(221,110,29,'LEE-63','2023-01-17 19:21:58','cancel'),(222,139,107,'U2-54','2022-03-27 11:01:32','cancel'),(223,131,22,'THU-73','2022-03-14 22:13:36','ongoing'),(224,13,87,'TG-23','2022-12-13 08:54:32','cancel'),(225,107,109,'OO-93','2022-12-27 21:16:57','ongoing'),(226,19,116,'THU-73','2022-11-02 10:41:20','cancel'),(227,38,116,'B2-64','2022-05-05 10:39:51','ongoing'),(228,124,122,'NP-03','2022-09-14 07:49:35','ongoing'),(229,15,35,'MNY-33','2022-08-21 16:40:10','done'),(230,103,73,'B2-64','2022-12-11 14:56:26','ongoing'),(231,61,44,'RC-03','2022-12-02 02:36:58','done'),(232,98,79,'XF-73','2022-06-20 09:51:13','cancel'),(233,119,94,'THU-73','2022-05-20 08:37:00','ongoing'),(234,63,47,'U2-54','2022-07-10 02:56:28','cancel'),(235,88,109,'ASB-33','2022-05-22 18:51:16','cancel'),(236,3,115,'RDM-13','2022-06-03 16:25:19','ongoing'),(237,50,31,'XF-73','2023-02-07 00:37:08','cancel'),(238,22,44,'PB-43','2023-01-06 18:59:23','done'),(239,66,39,'X2-54','2022-05-17 23:21:42','cancel'),(240,76,33,'QPQ-53','2022-09-22 14:56:11','done'),(241,135,88,'MS-83','2022-08-02 08:23:22','done'),(242,138,65,'OO-93','2022-11-07 01:21:11','cancel'),(243,91,106,'TWR-23','2022-03-25 03:05:00','done'),(244,77,85,'XF-73','2023-01-09 05:35:47','ongoing'),(245,142,52,'NP-03','2022-06-15 08:40:20','done'),(246,101,74,'HJ-93','2022-12-07 03:31:17','cancel'),(247,48,40,'WX-43','2022-10-18 02:21:35','done'),(248,136,22,'XF-73','2022-03-14 20:44:32','done'),(249,72,121,'XF-73','2022-02-14 19:14:24','ongoing'),(250,83,5,'OK-83','2022-12-17 18:33:26','done'),(251,54,110,'OSB-83','2023-02-08 12:05:11','cancel'),(252,58,50,'RF-33','2022-09-28 21:50:10','done'),(253,76,81,'QIU-63','2022-05-20 14:51:12','ongoing'),(254,77,45,'QIU-63','2022-04-08 14:13:47','done'),(255,138,107,'RC-73','2023-01-17 23:57:16','done'),(256,139,16,'TWR-23','2023-01-24 02:52:00','cancel'),(257,144,52,'RF-33','2022-09-27 21:31:10','cancel'),(258,108,115,'VX-23','2023-01-02 17:40:41','cancel'),(259,100,5,'PB-43','2022-10-04 06:50:23','ongoing'),(260,76,22,'XK-03','2022-09-08 16:23:09','cancel'),(261,81,40,'OK-83','2022-03-07 02:10:48','cancel'),(262,65,125,'RC-03','2022-09-04 02:23:04','done'),(263,61,120,'RF-33','2022-11-09 20:09:45','cancel'),(264,95,80,'OO-93','2022-04-26 22:52:55','done'),(265,103,96,'RF-33','2022-12-20 23:04:17','cancel'),(266,41,99,'TP-53','2022-11-01 06:18:57','done'),(267,92,112,'YLZ-23','2023-01-23 07:49:58','done'),(268,31,67,'XK-03','2022-11-24 09:59:14','ongoing'),(269,49,103,'LEE-63','2022-10-02 06:54:19','cancel'),(270,65,17,'LEE-63','2022-09-10 22:03:12','cancel'),(271,77,4,'THU-73','2023-01-15 22:38:23','cancel'),(272,70,118,'U2-54','2023-01-12 15:43:15','cancel'),(273,63,110,'RC-73','2022-06-16 17:00:41','cancel'),(274,78,90,'XK-03','2022-12-03 14:21:37','cancel'),(275,60,124,'TP-53','2022-03-04 08:59:58','cancel'),(276,2,52,'RC-73','2022-10-02 05:16:45','cancel'),(277,12,35,'B2-64','2022-09-24 11:37:30','cancel'),(278,12,18,'LEE-63','2022-06-06 10:38:56','cancel'),(279,92,7,'HJ-93','2022-03-09 06:45:22','cancel'),(280,2,92,'YLZ-23','2022-07-03 04:31:38','ongoing'),(281,73,64,'TWR-23','2022-05-06 11:44:24','cancel'),(282,15,32,'MNY-33','2022-08-02 04:02:36','done'),(283,134,94,'RF-33','2022-12-18 05:38:06','done'),(284,8,77,'Z2-24','2023-02-06 04:31:03','ongoing'),(285,3,51,'VX-23','2022-10-16 03:29:05','ongoing'),(286,4,17,'MS-83','2022-06-28 00:45:37','cancel'),(287,58,82,'PB-43','2022-06-21 03:01:21','cancel'),(288,43,104,'RF-33','2022-08-20 21:18:33','done'),(289,25,100,'MS-83','2022-09-01 15:33:44','ongoing'),(290,93,67,'B2-64','2023-01-03 02:22:49','cancel'),(291,1,82,'VX-23','2022-08-22 03:53:56','cancel'),(292,87,86,'QIU-63','2022-07-05 03:17:05','cancel'),(293,86,39,'TP-53','2022-03-21 13:12:35','done'),(294,122,69,'OK-83','2022-08-26 02:08:21','done'),(295,60,1,'U2-54','2022-12-12 04:19:55','cancel'),(296,109,40,'QIU-63','2022-08-02 16:11:57','ongoing'),(297,21,121,'LEE-63','2022-05-18 07:01:45','cancel'),(298,51,16,'RF-33','2022-12-20 18:44:22','ongoing'),(299,69,120,'RC-03','2022-11-02 17:29:53','done'),(300,79,49,'THU-73','2023-01-26 12:23:05','ongoing'),(301,52,97,'RDM-13','2022-11-18 22:21:42','done'),(302,93,105,'QIU-63','2022-03-02 08:17:17','cancel'),(303,52,50,'X2-94','2023-01-29 01:42:04','done'),(304,22,67,'OO-93','2022-12-18 14:25:57','cancel'),(305,128,120,'MS-83','2022-06-22 16:23:50','ongoing'),(306,76,10,'MNY-33','2022-09-24 06:00:23','ongoing'),(307,40,1,'RC-73','2022-10-01 09:12:58','ongoing'),(308,36,43,'XK-03','2023-01-30 07:11:05','done'),(309,4,111,'U2-54','2022-12-11 17:51:41','cancel'),(310,94,2,'NP-03','2022-07-16 10:07:10','cancel'),(311,76,24,'TG-23','2022-10-20 23:19:41','ongoing'),(312,143,35,'OO-93','2022-03-17 06:27:53','cancel'),(313,136,40,'X2-54','2022-03-16 10:38:15','ongoing'),(314,133,42,'OO-93','2022-05-03 04:32:22','done'),(315,66,84,'OO-93','2022-08-13 03:58:18','cancel'),(316,122,75,'MNY-33','2023-02-05 11:20:40','done'),(317,127,121,'TP-53','2022-04-22 11:59:23','ongoing'),(318,141,109,'MS-83','2022-11-16 15:27:33','done'),(319,100,84,'OO-93','2022-09-11 10:34:23','ongoing'),(320,64,57,'PB-43','2022-05-06 21:21:39','ongoing'),(321,37,33,'TP-53','2022-04-24 12:57:08','ongoing'),(322,16,102,'TP-53','2022-02-24 18:27:40','ongoing'),(323,19,87,'XK-03','2022-07-13 00:41:49','ongoing'),(324,43,90,'THU-73','2022-12-03 14:12:48','cancel'),(325,131,111,'XK-03','2022-04-15 10:21:47','done'),(326,100,46,'X2-54','2022-09-07 08:57:21','done'),(327,93,98,'WX-43','2022-08-15 12:02:04','ongoing'),(328,115,12,'MNY-33','2022-09-09 15:58:09','done'),(329,47,32,'Y2-54','2022-08-31 14:10:44','done'),(330,2,46,'TG-23','2022-09-15 13:21:31','cancel'),(331,18,108,'HJ-93','2022-08-13 19:47:08','ongoing'),(332,38,9,'X2-54','2022-06-25 15:43:05','done'),(333,55,79,'RF-33','2022-02-13 21:51:16','ongoing'),(334,84,68,'QIU-63','2022-07-22 21:44:52','cancel'),(335,65,35,'X2-94','2022-11-16 20:07:10','done'),(336,125,15,'NP-03','2022-05-12 05:16:48','ongoing'),(337,139,74,'XK-03','2022-10-11 04:56:23','done'),(338,142,97,'XF-73','2023-01-23 09:04:41','ongoing'),(339,112,53,'TWR-23','2022-04-30 07:56:59','done'),(340,71,110,'PB-43','2022-07-12 02:00:04','ongoing'),(341,13,28,'YLZ-23','2022-11-18 00:27:42','done'),(342,60,27,'TG-23','2022-04-17 05:54:21','ongoing'),(343,91,38,'B2-64','2022-10-14 04:30:41','cancel'),(344,34,109,'MNY-33','2022-08-29 13:48:13','ongoing'),(345,97,69,'XF-73','2023-02-05 10:46:07','cancel'),(346,121,9,'RF-33','2022-06-14 05:48:15','ongoing'),(347,84,64,'OO-93','2022-07-01 09:57:16','ongoing'),(348,3,63,'X2-94','2022-04-29 20:33:56','cancel'),(349,71,102,'Z2-24','2022-08-17 00:38:31','ongoing'),(350,89,37,'OO-93','2022-08-05 21:11:13','cancel'),(351,1,15,'YLZ-23','2022-03-12 13:33:48','done'),(352,134,124,'TP-53','2022-03-14 22:03:07','cancel'),(353,127,73,'THU-73','2022-04-08 06:23:11','ongoing'),(354,52,79,'PB-43','2022-03-21 08:44:23','ongoing'),(355,45,93,'Y2-54','2022-08-28 03:09:33','cancel'),(356,23,97,'XF-73','2022-12-30 07:11:47','ongoing'),(357,13,91,'Y2-54','2022-08-27 11:09:27','done'),(358,70,24,'TWR-23','2022-04-24 14:36:04','done'),(359,133,114,'PB-43','2022-06-08 15:58:59','cancel'),(360,59,86,'H2-94','2022-06-22 10:37:37','cancel'),(361,114,109,'Z2-24','2022-12-22 04:32:48','cancel'),(362,134,112,'VG-53','2022-12-29 03:40:11','cancel'),(363,2,99,'X2-54','2022-04-09 17:27:42','done'),(364,31,63,'TG-23','2022-11-02 21:08:12','done'),(365,35,22,'H2-94','2022-03-27 07:07:49','ongoing'),(366,19,21,'TWR-23','2022-04-21 04:55:05','done'),(367,103,98,'VX-23','2022-12-02 05:24:29','cancel'),(368,12,1,'MNY-33','2022-10-11 15:31:36','ongoing'),(369,37,70,'OSB-83','2022-07-03 00:24:01','cancel'),(370,132,48,'WX-43','2023-01-22 06:19:06','ongoing'),(371,76,13,'X2-94','2022-09-12 06:10:16','ongoing'),(372,105,71,'WX-43','2022-04-15 16:40:28','done'),(373,100,78,'X2-94','2022-12-31 14:20:59','ongoing'),(374,47,106,'MNY-33','2022-10-18 09:26:12','ongoing'),(375,48,46,'X2-54','2022-05-13 23:57:11','done'),(376,86,94,'RC-73','2022-03-08 03:50:23','cancel'),(377,22,1,'B2-64','2023-01-04 15:11:13','ongoing'),(378,64,15,'YLZ-23','2022-03-27 03:44:39','ongoing'),(379,12,96,'TWR-23','2022-09-25 18:45:34','cancel'),(380,143,93,'X2-54','2023-01-23 05:28:09','ongoing'),(381,116,2,'ASB-33','2023-02-07 20:52:40','cancel'),(382,56,53,'H2-94','2022-09-23 19:45:26','done'),(383,42,56,'TWR-23','2022-04-30 10:48:56','ongoing'),(384,130,48,'B2-64','2022-10-26 23:07:03','cancel'),(385,47,88,'X2-94','2022-10-26 13:35:21','ongoing'),(386,86,73,'X2-54','2022-12-31 06:14:53','cancel'),(387,34,119,'X2-94','2023-02-08 06:39:11','done'),(388,30,54,'RF-33','2022-11-18 17:38:08','ongoing'),(389,86,125,'YLZ-23','2022-09-29 17:54:06','cancel'),(390,56,66,'MNY-33','2022-09-03 23:55:02','done'),(391,26,122,'WX-43','2022-04-06 06:38:16','ongoing');
/*!40000 ALTER TABLE `rides_data` ENABLE KEYS */;
UNLOCK TABLES;

--
-- Table structure for table `taxi`
--

DROP TABLE IF EXISTS `taxi`;
/*!40101 SET @saved_cs_client     = @@character_set_client */;
/*!50503 SET character_set_client = utf8mb4 */;
CREATE TABLE `taxi` (
  `car_no` varchar(20) NOT NULL,
  `model` varchar(20) DEFAULT NULL,
  `max_passengers` int DEFAULT '5',
  `registered_under` varchar(20) DEFAULT NULL,
  `service_date` date DEFAULT NULL,
  `status` tinyint(1) DEFAULT NULL,
  PRIMARY KEY (`car_no`)
) ENGINE=InnoDB DEFAULT CHARSET=utf8mb4 COLLATE=utf8mb4_0900_ai_ci;
/*!40101 SET character_set_client = @saved_cs_client */;

--
-- Dumping data for table `taxi`
--

LOCK TABLES `taxi` WRITE;
/*!40000 ALTER TABLE `taxi` DISABLE KEYS */;
INSERT INTO `taxi` VALUES ('A2-64','MX-6',3,'Delora','2023-02-05',0),('A2-84','Camaro',3,'Peria','2022-08-08',0),('AD-63','Explorer',3,'Riannon','2023-01-01',0),('AKF-73','V70',7,'Sigvard','2022-04-01',1),('ASB-33','F-Series',3,'Obie','2022-03-09',1),('AX-73','Tacoma',7,'Lynett','2022-06-27',0),('B2-04','PT Cruiser',7,'Bebe','2022-12-02',0),('B2-64','Discovery',7,'Bee','2022-04-09',1),('BBY-43','280ZX',5,'Phillipe','2022-08-02',0),('BCM-43','Celica',3,'Charity','2022-04-21',1),('BIF-93','500SEL',7,'Pavla','2022-09-09',1),('BJM-43','Sunfire',5,'Seline','2022-05-20',1),('BNQ-33','F430 Spider',7,'Diannne','2022-02-27',1),('BPL-33','Escalade',5,'Cash','2023-01-14',1),('BRV-23','S60',3,'Hubey','2022-04-03',0),('BTL-13','Sprinter',7,'Latisha','2022-12-21',1),('BU-13','Discovery',7,'Vito','2022-12-03',0),('BZT-23','Metro',7,'Sheppard','2022-02-23',1),('CJB-33','350Z',7,'Jessika','2022-12-29',1),('CU-23','Jetta',5,'Wells','2022-03-31',0),('D2-64','Sienna',5,'Isak','2022-03-07',1),('DAJ-63','MX-5',7,'Papageno','2022-10-15',0),('DFK-43','Corvette',5,'Arabella','2022-11-03',1),('DG-33','Malibu Maxx',7,'Pollyanna','2022-06-17',0),('DLD-43','C70',7,'Ruby','2023-01-04',0),('DOO-13','LX',5,'Tammy','2022-04-12',1),('DPW-53','W201',7,'Joelle','2022-04-23',0),('DSE-03','Caravan',7,'Martica','2022-09-24',1),('E2-74','Range Rover Sport',3,'Irving','2022-07-06',1),('EM-03','Santa Fe',3,'Shanna','2022-09-02',1),('EN-43','Somerset',3,'Eachelle','2022-12-03',0),('FF-43','Monterey',5,'Dot','2022-08-10',0),('FPJ-83','F350',7,'Elvis','2022-06-20',0),('FUB-93','Legacy',7,'Helli','2022-11-09',1),('GI-83','Blazer',5,'Annabel','2022-07-18',0),('GLI-43','7 Series',3,'Grissel','2022-07-25',0),('GS-43','Savana 1500',3,'Ora','2022-11-11',1),('H2-94','Bravada',7,'Kit','2022-02-16',0),('HF-33','RSX',7,'Bertie','2022-09-05',0),('HJ-93','Stealth',3,'Butch','2022-05-02',1),('HNU-13','S-Class',7,'Jenda','2022-03-07',1),('HO-53','Tredia',5,'Aldus','2022-12-21',1),('HT-83','Discovery',3,'Arlee','2022-09-18',0),('HV-23','G-Class',3,'Karalee','2022-06-10',0),('HVC-83','Tacoma',3,'Antonius','2022-03-03',0),('HW-63','Tracker',5,'Esma','2023-01-08',1),('I2-04','F150',7,'Lem','2022-08-11',1),('I2-24','Thunderbird',3,'Georg','2022-07-14',1),('I2-84','Prius Plug-in',3,'Twyla','2022-12-16',0),('IDD-93','370Z',3,'Thorndike','2022-02-16',0),('IE-53','Outback',5,'Conway','2022-06-27',1),('IGE-63','Mini Cooper S',3,'Letizia','2022-11-19',1),('IS-13','Civic',5,'Oberon','2022-05-15',1),('IW-03','Cabriolet',5,'Evy','2022-12-22',0),('J2-14','Intrepid',7,'Elka','2022-03-29',1),('J2-24','88',3,'Nikolia','2022-05-16',0),('J2-44','Alero',7,'Reese','2022-03-10',1),('J2-94','SC',3,'Trueman','2022-07-20',1),('JA-63','Sorento',7,'Nichol','2022-12-22',0),('JMB-43','Minx Magnificent',7,'Allister','2023-01-24',0),('K2-34','Suburban 1500',3,'Claudette','2022-02-24',1),('KDY-33','X3',7,'Heath','2022-10-10',0),('LDL-23','EX',7,'Ashlin','2022-06-15',1),('LEE-63','Corolla',5,'Josy','2022-08-07',0),('LLW-43','Passat',7,'Aimil','2022-12-30',1),('LYU-73','Sedona',7,'Maximilien','2022-12-07',0),('M2-54','Mustang',7,'Farris','2022-11-01',0),('MG-83','Expedition',5,'Cleopatra','2022-12-20',0),('MGO-83','GTI',7,'Raddy','2022-04-26',1),('MIN-23','1 Series',7,'Angelo','2022-10-02',0),('MJ-03','Phaeton',3,'Analise','2022-02-17',0),('MKQ-53','Wrangler',5,'Gaynor','2022-08-11',1),('MNJ-43','Gemini',3,'Nollie','2022-02-18',1),('MNY-33','Challenger',5,'Gussie','2022-12-21',0),('MS-83','Paseo',3,'Bronnie','2022-06-18',1),('NB-33','944',5,'Hewie','2022-10-15',0),('NE-43','IS',7,'Weidar','2022-11-16',0),('NOE-03','Patriot',5,'Piggy','2022-03-19',1),('NP-03','Corvette',7,'Charmane','2022-02-21',1),('NUO-83','Cooper Clubman',3,'Finlay','2022-10-31',0),('NZC-43','Z4',5,'Ninette','2022-10-31',1),('O2-34','Swift',5,'Vanessa','2022-11-21',0),('O2-64','Fortwo',7,'Jermaine','2022-05-04',0),('O2-74','Prius c',5,'Olimpia','2022-06-21',0),('O2-84','MGB',3,'Bastian','2022-06-03',1),('OHS-73','Ram 1500',3,'Nixie','2022-07-02',0),('OK-83','Evora',5,'Tierney','2022-10-06',0),('OO-93','Sentra',3,'Fannie','2022-03-13',0),('OSB-83','Coachbuilder',7,'Corliss','2022-09-16',1),('PB-43','626',5,'Carol-jean','2022-10-23',1),('PPH-73','Grand Marquis',5,'Kincaid','2022-08-25',0),('PPW-03','Exige',3,'Hunt','2022-10-21',0),('PXC-63','W126',7,'Ursa','2023-01-18',0),('Q2-94','QX',3,'Amelina','2022-07-01',1),('QF-43','Voyager',5,'Mariellen','2022-06-20',0),('QIU-63','Intrepid',7,'Auria','2022-12-13',1),('QPQ-53','G-Series 3500',7,'Carri','2023-01-03',0),('QTC-93','S-Series',7,'Mannie','2022-04-18',0),('QUK-13','Elantra',7,'Margarette','2022-02-26',0),('RBK-93','RDX',7,'Petra','2023-02-03',1),('RC-03','H1',3,'Cariotta','2022-11-02',1),('RC-73','Fortwo',7,'Nikaniki','2022-12-18',1),('RDM-13','V40',5,'Steffi','2023-01-07',0),('RDW-73','B-Series',7,'Dasha','2022-06-16',1),('RF-33','Mark VIII',7,'Marni','2022-11-04',0),('RJ-63','Sierra 1500',5,'April','2022-08-05',1),('RWD-13','Accent',7,'Cinda','2022-09-22',1),('SQ-73','944',3,'Janeen','2022-07-22',0),('SW-53','F-Series',7,'Brigit','2022-06-24',1),('T2-74','S60',5,'Nils','2022-04-30',0),('TG-23','S40',7,'Parker','2022-10-04',1),('THU-73','98',3,'Enrico','2022-05-23',1),('TP-53','Rodeo',7,'Ali','2022-10-22',0),('TWR-23','G35',7,'Mabelle','2022-08-23',0),('U2-54','Elise',3,'Janifer','2022-07-11',1),('UBM-83','Econoline E350',7,'Verene','2022-07-07',0),('VG-53','V90',5,'Juditha','2022-02-18',1),('VS-33','XJ',3,'Cybill','2022-12-29',0),('VV-03','GX',3,'Orlan','2022-12-23',1),('VX-23','Frontier',3,'Burke','2022-04-07',0),('W2-24','IPL G',7,'Ingra','2022-08-12',0),('W2-84','Camry Hybrid',3,'Lauritz','2023-01-03',1),('WKH-83','Ranger',5,'Dickie','2022-11-11',1),('WSQ-33','Sequoia',5,'Sallyanne','2022-10-02',1),('WU-93','Firebird',5,'Gerard','2022-11-02',1),('WX-43','929',5,'Arlin','2022-07-09',0),('X2-54','3500',5,'Elsy','2022-03-09',1),('X2-94','Exige',7,'Connie','2023-01-21',0),('XD-73','MX-6',5,'Shurlocke','2022-11-30',1),('XF-73','Pathfinder',5,'Beitris','2022-09-14',0),('XK-03','Grand Marquis',3,'Ritchie','2022-12-02',1),('XTB-53','APV',5,'Annemarie','2022-08-27',1),('Y2-14','3500 Club Coupe',7,'Tressa','2022-08-18',1),('Y2-54','Integra',7,'Inga','2022-08-06',1),('YLZ-23','Camry',5,'Giff','2022-12-17',1),('YN-23','E-Class',3,'Ula','2022-09-29',1),('YZ-23','GS',3,'Bevon','2022-06-28',1),('Z2-24','GT',7,'Agnola','2022-04-09',1),('Z2-84','Grand Voyager',5,'Elke','2022-05-25',1),('ZFP-23','Savana 1500',3,'Demetri','2022-07-20',0),('ZH-43','Monte Carlo',7,'Levy','2022-04-23',0),('ZK-33','Crown Victoria',7,'Gino','2022-03-15',1),('ZK-43','Flex',3,'Del','2022-05-19',0),('ZN-63','Sentra',7,'Joellyn','2023-01-01',0);
/*!40000 ALTER TABLE `taxi` ENABLE KEYS */;
UNLOCK TABLES;

--
-- Dumping events for database 'aaggy2'
--

--
-- Dumping routines for database 'aaggy2'
--
/*!40103 SET TIME_ZONE=@OLD_TIME_ZONE */;

/*!40101 SET SQL_MODE=@OLD_SQL_MODE */;
/*!40014 SET FOREIGN_KEY_CHECKS=@OLD_FOREIGN_KEY_CHECKS */;
/*!40014 SET UNIQUE_CHECKS=@OLD_UNIQUE_CHECKS */;
/*!40101 SET CHARACTER_SET_CLIENT=@OLD_CHARACTER_SET_CLIENT */;
/*!40101 SET CHARACTER_SET_RESULTS=@OLD_CHARACTER_SET_RESULTS */;
/*!40101 SET COLLATION_CONNECTION=@OLD_COLLATION_CONNECTION */;
/*!40111 SET SQL_NOTES=@OLD_SQL_NOTES */;

-- Dump completed on 2023-02-10 20:19:02
